{
  "kick": {
    "versions": [
      {
        "description": "commands.kick.description",
        "permission": "owner",

        "overloads": {
          "default": {
            "input": {
              "parameters": [
                {
                  "name": "nameOrXuid",
                  "type": "string"
                },
                {
                  "name": "reason",
                  "type": "rawtext",
                  "optional": true
                }
              ]
            },
            "output": {
              "format_strings": [
                {
                  "format": "commands.kick.success.reason"
                }
              ],
              "parameters": [
                {
                  "name": "nameOrXuid",
                  "type": "string"
                },
                {
                  "name": "reason",
                  "type": "string"
                }
              ]
            }
          }
        }
      }
    ]
  },
  "ops": {
    "versions": [
      {
        "description": "commands.ops.description",
        "permission": "owner",

        "overloads": {
          "default": {
            "input": {
              "parameters": [
                {
                  "name": "action",
                  "type": "stringenum",
                  "enum_values": [
                    "list",
                    "reload"
                  ]
                }
              ]
            },
            "output": {
              "format_strings": [
                {
                  "format": "{0}"
                }
              ],
              "parameters": [
                {
                  "name": "result",
                  "type": "string"
                }
              ]
            }
          }
        }
      }
    ]
  },
  "save-all": {
    "versions": [
      {
        "description": "commands.save-all.description",
        "permission": "owner",

        "overloads": {
          "default": {
            "input": {
              "parameters": [ ]
            },
            "output": {
              "format_strings": [
                {
                  "format": "commands.save-all.success"
                },
                {
                  "format": "{0}"
                }
              ],
              "parameters": [
                {
                  "name": "result",
                  "type": "string"
                }
              ]
            }
          }
        }
      }
    ]
  },
  "save-on": {
    "versions": [
      {
        "description": "commands.save-on.description",
        "permission": "owner",

        "overloads": {
          "default": {
            "input": {
              "parameters": [ ]
            },
            "output": {
              "format_strings": [
                {
                  "format": "commands.save-on.success"
                }
              ],
              "parameters": [ ]
            }
          }
        }
      }
    ]
  },
  "stop": {
    "versions": [
      {
        "description": "commands.stop.description",
        "permission": "owner",

        "overloads": {
          "default": {
            "input": {
              "parameters": [ ]
            },
            "output": {
              "format_strings": [
                {
                  "format": "commands.stop.start"
                }
              ],
              "parameters": [ ]
            }
          }
        }
      }
    ]
  },
  "whitelist": {
    "versions": [
      {
        "description": "commands.whitelist.description",
        "permission": "owner",

        "overloads": {
          "default": {
            "input": {
              "parameters": [
                {
                  "name": "action",
                  "type": "stringenum",
                  "enum_values": [
                    "list",
                    "on",
                    "off",
                    "reload"
                  ]
                }
              ]
            },
            "output": {
              "format_strings": [
                {
                  "format": "{0}"
                }
              ],
              "parameters": [
                {
                  "name": "result",
                  "type": "string"
                }
              ]
            }
          }
        }
      }
    ]
  },
  "change-setting": {
    "versions": [
      {
        "description": "commands.change-setting.description",
        "permission": "owner",

        "overloads": {
          "default": {
            "input": {
              "parameters": [
                {
                  "name": "setting",
                  "type": "stringenum",
                  "enum_values": [
                    "allow-cheats",
                    "difficulty"
                  ]
                },
                {
                  "name": "value",
                  "type": "string"
                }
              ]
            },
            "output": {
              "format_strings": [
                {
                  "format": "commands.change-setting.success"
                }
              ],
              "parameters": [
                {
                  "name": "setting",
                  "type": "string"
                }
              ]
            }
          }
        }
      }
    ]
  }
}
