{
  "help": {
    "versions": [
      {
        "description": "commands.help.description",
        "permission": "any",
        "aliases": [
          "?"
        ],

        "overloads": {
          "byName": {
            "input": {
              "parameters": [
                {
                  "name": "command",
                  "type": "stringenum",
                  "enum_type": "commandName"
                }
              ]
            },
            "output": {
              "format_strings": [
                {
                  "format": "{0}"
                }
              ],
              "parameters": [
                {
                  "name": "body",
                  "type": "string"
                }
              ]
            }
          },
          "byPage": {
            "input": {
              "parameters": [
                {
                  "name": "page",
                  "type": "int",
                  "optional": true
                }
              ]
            },
            "output": {
              "format_strings": [
                {
                  "format": "commands.help.header",
                  "color":  "dark_green"
                },
                {
                  "format": "{2}"
                },
                {
                  "format": "commands.help.footer",
                  "color":  "dark_green"
                }
              ],
              "parameters": [
                {
                  "name": "page",
                  "type": "int"
                },
                {
                  "name": "pageCount",
                  "type": "int"
                },
                {
                  "name": "body",
                  "type": "string"
                }
              ]
            }
          }
        }
      },
      {
        "description": "commands.help.description",
        "permission": "any",
        "aliases": [
          "?"
        ],

        "overloads": {
          "byName": {
            "input": {
              "parameters": [
                {
                  "name": "command",
                  "type": "stringenum",
                  "enum_type": "commandName"
                }
              ]
            },
            "output": {
              "format_strings": [
                {
                  "format": "{0}"
                },
                {
                  "format": "{1}"
                },
                {
                  "format": "commands.generic.usage.noparam"
                },
                {
                  "format": "{2}"
                }
              ],
              "parameters": [
                {
                  "name": "command",
                  "type": "string"
                },
                {
                  "name": "description",
                  "type": "string"
                },
                {
                  "name": "usage",
                  "type": "string"
                }
              ]
            }
          },
          "byPage": {
            "input": {
              "parameters": [
                {
                  "name": "page",
                  "type": "int",
                  "optional": true
                }
              ]
            },
            "output": {
              "format_strings": [
                {
                  "format": "commands.help.header",
                  "color":  "dark_green"
                },
                {
                  "format": "{2}"
                },
                {
                  "format": "commands.help.footer",
                  "color":  "dark_green"
                }
              ],
              "parameters": [
                {
                  "name": "page",
                  "type": "int"
                },
                {
                  "name": "pageCount",
                  "type": "int"
                },
                {
                  "name": "body",
                  "type": "string"
                }
              ]
            }
          }
        }
      }
    ]
  },
  "enchant": {
    "versions": [
      {
        "description": "commands.enchant.description",
        "permission": "gamemasters",

        "overloads": {
          "byName": {
            "input": {
              "parameters": [
                {
                  "name": "player",
                  "type": "target"
                },
                {
                  "name": "enchantmentName",
                  "type": "stringenum",
                  "enum_type": "enchantmentType"
                },
                {
                  "name": "level",
                  "type": "int",
                  "optional": true
                }
              ]
            },
            "output": {
              "format_strings": [
                {
                  "format": "%commands.enchant.success: {0}",
                  "should_show": {
                    "not_empty": [ "playerNames" ]
                  }
                },
                {
                  "format": "%commands.enchant.noItem: {1}",
                  "color":  "red",
                  "should_show": {
                    "not_empty": [ "noItemNames" ]
                  }
                },
                {
                  "format": "%commands.enchant.cantEnchant: {2}",
                  "color":  "red",
                  "should_show": {
                    "not_empty": [ "failedNames" ]
                  }
                }
              ],
              "parameters": [
                {
                  "name": "playerNames",
                  "type": "result_list"
                },
                {
                  "name": "noItemNames",
                  "type": "result_list"
                },
                {
                  "name": "failedNames",
                  "type": "result_list"
                }
              ]
            }
          },
          "byId": {
            "input": {
              "parameters": [
                {
                  "name": "player",
                  "type": "target"
                },
                {
                  "name": "enchantmentId",
                  "type": "int"
                },
                {
                  "name": "level",
                  "type": "int",
                  "optional": true
                }
              ]
            },
            "output": {
              "format_strings": [
                {
                  "format": "%commands.enchant.success: {0}",
                  "should_show": {
                    "not_empty": [ "playerNames" ]
                  }
                },
                {
                  "format": "%commands.enchant.noItem: {1}",
                  "color":  "red",
                  "should_show": {
                    "not_empty": [ "noItemNames" ]
                  }
                },
                {
                  "format": "%commands.enchant.cantEnchant: {2}",
                  "color":  "red",
                  "should_show": {
                    "not_empty": [ "failedNames" ]
                  }
                }
              ],
              "parameters": [
                {
                  "name": "playerNames",
                  "type": "result_list"
                },
                {
                  "name": "noItemNames",
                  "type": "result_list"
                },
                {
                  "name": "failedNames",
                  "type": "result_list"
                }
              ]
            }
          }
        }
      }
    ]
  },
  "fill": {
    "versions": [
      {
        "description": "commands.fill.description",
        "permission": "gamemasters",

        "overloads": {
          "byName": {
            "input": {
              "parameters": [
                {
                  "name": "from",
                  "type": "blockpos"
                },
                {
                  "name": "to",
                  "type": "blockpos"
                },
                {
                  "name": "tileName",
                  "type": "stringenum",
                  "enum_type": "blockType"
                },
                {
                  "name": "tileData",
                  "type": "int",
                  "optional": true
                },
                {
                  "name": "oldBlockHandling",
                  "type": "stringenum",
                  "optional": true,
                  "enum_values": [
                    "destroy",
                    "hollow",
                    "keep",
                    "outline",
                    "replace"
                  ]
                },
                {
                  "name": "replaceTileName",
                  "type": "stringenum",
                  "enum_type": "blockType",
                  "optional": true
                },
                {
                  "name": "replaceDataValue",
                  "type": "int",
                  "optional": true
                }
              ]
            },
            "output": {
              "format_strings": [
                {
                  "format": "commands.fill.success"
                }
              ],
              "parameters": [
                {
                  "name": "fillCount",
                  "type": "int"
                },
                {
                  "name": "blockName",
                  "type": "string"
                }
              ]
            }
          }
        }
      }
    ]
  },
  "gamerule": {
    "versions": [
      {
        "description": "commands.gamerule.description",
        "permission": "gamemasters",
        "overloads": {
          "setter": {
            "input": {
              "parameters": [
                {
                  "name": "rule",
                  "type": "stringenum",
                  "enum_type": "gameRuleTypes"
                },
                {
                  "name": "value",
                  "type": "bool"
                }
              ]
            },
            "output": {
              "format_strings": [
              ],
              "parameters": [
                {
                  "name": "name",
                  "type": "string"
                },
                {
                  "name": "value",
                  "type": "bool"
                }
              ]
            }
          },
          "setint": {
            "input": {
              "parameters": [
                {
                  "name": "rule",
                  "type": "stringenum",
                  "enum_type": "gameRuleTypes"
                },
                {
                  "name": "value",
                  "type": "int"
                }
              ]
            },
            "output": {
              "format_strings": [
              ],
              "parameters": [
                {
                  "name": "name",
                  "type": "string"
                },
                {
                  "name": "value",
                  "type": "int"
                }
              ]
            }
          },
          "getter": {
            "input": {
              "parameters": [
                {
                  "name": "rule",
                  "type": "stringenum",
                  "enum_type": "gameRuleTypes",
                  "optional": true
                }
              ]
            },
            "output": {
              "format_strings": [
                {
                  "format": "{0}"
                }
              ],
              "parameters": [
                {
                  "name": "displayString",
                  "type": "string"
                },
                {
                  "name": "details",
                  "type": "string"
                }
              ]
            }
          }
        }
      }
    ]
  },
  "give": {
    "versions": [
      {
        "permission": "gamemasters",
        "description": "commands.give.description",

        "overloads": {
          "byName": {
            "input": {
              "parameters": [
                {
                  "name": "player",
                  "type": "target"
                },
                {
                  "name": "itemName",
                  "type": "stringenum",
                  "enum_type": "itemType"
                },
                {
                  "name": "amount",
                  "type": "int",
                  "optional": true
                },
                {
                  "name": "data",
                  "type": "int",
                  "optional": true
                }
              ]
            },
            "output": {
              "format_strings": [
                {
                  "format": "commands.give.success"
                }
              ],
              "parameters": [
                {
                  "name": "itemName",
                  "type": "string"
                },
                {
                  "name": "itemAmount",
                  "type": "int"
                },
                {
                  "name": "playerName",
                  "type": "result_list"
                }
              ]
            }
          }
        }
      }
    ]
  },
  "tp": {
    "versions": [
      {
        "description": "commands.tp.description",
        "permission": "gamemasters",
        "aliases": [
          "teleport"
        ],

        "overloads": {
          "selfToPos": {
            "input": {
              "parameters": [
                {
                  "name": "destination",
                  "type": "blockpos"
                },
                {
                  "name": "y-rot",
                  "type": "int",
                  "optional": true
                },
                {
                  "name": "x-rot",
                  "type": "int",
                  "optional": true
                }
              ]
            },
            "output": {
              "format_strings": [
                {
                  "format": "commands.tp.success.coordinates"
                }
              ],
              "parameters": [
                {
                  "name": "victim",
                  "type": "result_list"
                },
                {
                  "name": "destination",
                  "type": "blockpos"
                }
              ]
            }
          },
          "targetToPos": {
            "input": {
              "parameters": [
                {
                  "name": "victim",
                  "type": "target",
                  "target_data": {
                    "players_only": false
                  }
                },
                {
                  "name": "destination",
                  "type": "blockpos"
                },
                {
                  "name": "y-rot",
                  "type": "int",
                  "optional": true
                },
                {
                  "name": "x-rot",
                  "type": "int",
                  "optional": true
                }
              ]
            },
            "output": {
              "format_strings": [
                {
                  "format": "commands.tp.success.coordinates"
                }
              ],
              "parameters": [
                {
                  "name": "victim",
                  "type": "result_list"
                },
                {
                  "name": "destination",
                  "type": "blockpos"
                }
              ]
            }
          },
          "targetToTarget": {
            "input": {
              "parameters": [
                {
                  "name": "victim",
                  "type": "target",
                  "target_data": {
                    "players_only": false
                  }
                },
                {
                  "name": "destination",
                  "type": "target",
                  "target_data": {
                    "main_target": false,
                    "players_only": false
                  }
                }
              ]
            },
            "output": {
              "format_strings": [
                {
                  "format": "commands.tp.success"
                }
              ],
              "parameters": [
                {
                  "name": "victim",
                  "type": "result_list"
                },
                {
                  "name": "destination",
                  "type": "string"
                }
              ]
            }
          },
          "selfToTarget": {
            "input": {
              "parameters": [
                {
                  "name": "destination",
                  "type": "target",
                  "target_data": {
                    "main_target": false,
                    "players_only": false
                  }
                }
              ]
            },
            "output": {
              "format_strings": [
                {
                  "format": "commands.tp.success"
                }
              ],
              "parameters": [
                {
                  "name": "victim",
                  "type": "result_list"
                },
                {
                  "name": "destination",
                  "type": "string"
                }
              ]
            }
          }
        }
      },
      {
        "description": "commands.tp.description",
        "permission": "gamemasters",
        "aliases": [
          "teleport"
        ],

        "overloads": {
          "selfToPos": {
            "input": {
              "parameters": [
                {
                  "name": "destination",
                  "type": "blockpos"
                },
                {
                  "name": "y-rot",
                  "type": "rotation",
                  "optional": true
                },
                {
                  "name": "x-rot",
                  "type": "rotation",
                  "optional": true
                }
              ]
            },
            "output": {
              "format_strings": [
                {
                  "format": "commands.tp.success.coordinates"
                }
              ],
              "parameters": [
                {
                  "name": "victim",
                  "type": "result_list"
                },
                {
                  "name": "destination",
                  "type": "blockpos"
                }
              ]
            }
          },
          "targetToPos": {
            "input": {
              "parameters": [
                {
                  "name": "victim",
                  "type": "target",
                  "target_data": {
                    "players_only": false
                  }
                },
                {
                  "name": "destination",
                  "type": "blockpos"
                },
                {
                  "name": "y-rot",
                  "type": "rotation",
                  "optional": true
                },
                {
                  "name": "x-rot",
                  "type": "rotation",
                  "optional": true
                }
              ]
            },
            "output": {
              "format_strings": [
                {
                  "format": "commands.tp.success.coordinates"
                }
              ],
             "parameters": [
                {
                  "name": "victim",
                  "type": "result_list"
                },
                {
                  "name": "destination",
                  "type": "blockpos"
                }
              ]
            }
          },
          "targetToTarget": {
            "input": {
              "parameters": [
                {
                  "name": "victim",
                  "type": "target",
                  "target_data": {
                    "players_only": false
                  }
                },
                {
                  "name": "destination",
                  "type": "target",
                  "target_data": {
                    "main_target": false,
                    "players_only": false
                  }
                }
              ]
            },
            "output": {
              "format_strings": [
                {
                  "format": "commands.tp.success"
                }
              ],
              "parameters": [
                {
                  "name": "victim",
                  "type": "result_list"
                },
                {
                  "name": "destination",
                  "type": "string"
                }
              ]
            }
          },
          "selfToTarget": {
            "input": {
              "parameters": [
                {
                  "name": "destination",
                  "type": "target",
                  "target_data": {
                    "main_target": false,
                    "players_only": false
                  }
                }
              ]
            },
            "output": {
              "format_strings": [
                {
                  "format": "commands.tp.success"
                }
              ],
              "parameters": [
                {
                  "name": "victim",
                  "type": "result_list"
                },
                {
                  "name": "destination",
                  "type": "string"
                }
              ]
            }
          }
        }
      }
    ]
  },
  "time add": {
    "versions": [
      {
        "description": "commands.timeAdd.description",
        "permission": "gamemasters",

        "overloads": {
          "default": {
            "input": {
              "parameters": [
                {
                  "name": "amount",
                  "type": "int"
                }
              ]
            },
            "output": {
              "format_strings": [
                {
                  "format": "commands.time.added"
                }
              ],
              "parameters": [
                {
                  "name": "time",
                  "type": "int"
                }
              ]
            }
          }
        }
      }
    ]
  },
  "time query": {
    "versions": [
      {
        "description": "commands.timeQuery.description",
        "permission": "any",

        "overloads": {
          "default": {
            "input": {
              "parameters": [
                {
                  "name": "time",
                  "type": "stringenum",
                  "enum_values": [
                    "daytime",
                    "gametime",
                    "day"
                  ]
                }
              ]
            },
            "output": {
              "format_strings": [
                {
                  "format": "commands.time.query"
                }
              ],
              "parameters": [
                {
                  "name": "time",
                  "type": "int"
                }
              ]
            }
          }
        }
      }
    ]
  },
  "time set": {
    "versions": [
      {
        "description": "commands.timeSet.description",
        "permission": "gamemasters",

        "overloads": {
          "byNumber": {
            "input": {
              "parameters": [
                {
                  "name": "time",
                  "type": "int"
                }
              ]
            },
            "output": {
              "format_strings": [
                {
                  "format": "commands.time.set"
                }
              ],
              "parameters": [
                {
                  "name": "time",
                  "type": "int"
                }
              ]
            }
          },
          "byName": {
            "input": {
              "parameters": [
                {
                  "name": "time",
                  "type": "stringenum",
                  "enum_values": [
                    "night",
                    "day"
                  ]
                }
              ]
            },
            "output": {
              "format_strings": [
                {
                  "format": "commands.time.set"
                }
              ],
              "parameters": [
                {
                  "name": "time",
                  "type": "int"
                }
              ]
            }
          }
        }
      }
    ]
  },
  "listd": {
    "versions": [
      {
        "description": "commands.list.description",
        "permission": "host",
        "is_hidden": true,

        "overloads": {
          "default": {
            "input": {
              "parameters": [
                {
                  "name": "details",
                  "type": "stringenum",
                  "enum_values": [
                    "ids",
                    "stats",
                    "uuids"
                  ],
                  "optional": true
                }
              ]
            },
            "output": {
              "format_strings": [
                {
                  "format": "commands.players.list"
                },
                {
                  "format": "{2}"
                },
                {
                  "format": "{3}"
                }
              ],
              "parameters": [
                {
                  "name": "currentPlayerCount",
                  "type": "int"
                },
                {
                  "name": "maxPlayerCount",
                  "type": "int"
                },
                {
                  "name": "players",
                  "type": "string"
                },
                {
                  "name": "details",
                  "type": "string"
                }
              ]
            }
          }
        }
      }
    ]
  },
  "list": {
    "versions": [
      {
        "description": "commands.list.description",
        "permission": "any",

        "overloads": {
          "default": {
            "input": {
              "parameters": [ ]
            },
            "output": {
              "format_strings": [
                {
                  "format": "commands.players.list"
                },
                {
                  "format": "{2}"
                }
              ],
              "parameters": [
                {
                  "name": "currentPlayerCount",
                  "type": "int"
                },
                {
                  "name": "maxPlayerCount",
                  "type": "int"
                },
                {
                  "name": "players",
                  "type": "string"
                }
              ]
            }
          }
        }
      }
    ]
  },
  "kill": {
    "versions": [
      {
        "description": "commands.kill.description",
        "permission": "gamemasters",

        "overloads": {
          "default": {
            "input": {
              "parameters": [
                {
                  "name": "target",
                  "type": "target",
                  "optional": true,
                  "target_data": {
                    "players_only": false
                  }
                }
              ]
            },
            "output": {
              "format_strings": [
                {
                  "format": "commands.kill.successful"
                }
              ],
              "parameters": [
                {
                  "name": "targetname",
                  "type": "result_list"
                }
              ]
            }
          }
        }
      }
    ]
  },
  "gamemode": {
    "versions": [
      {
        "description": "commands.gamemode.description",
        "permission": "gamemasters",

        "overloads": {
          "byName": {
            "input": {
              "parameters": [
                {
                  "name": "gameMode",
                  "type": "stringenum",
                  "enum_values": [
                    "survival",
                    "creative",
                    "s",
                    "c"
                  ]
                },
                {
                  "name": "player",
                  "type": "target",
                  "optional": true
                }
              ]
            },
            "output": {
              "format_strings": [
                {
                  "format": "{0}"
                }
              ],
              "parameters": [
                {
                  "name": "result",
                  "type": "string"
                },
                {
                  "name": "player",
                  "type": "result_list"
                },
                {
                  "name": "gameMode",
                  "type": "string"
                }
              ]
            }
          },
          "byId": {
            "input": {
              "parameters": [
                {
                  "name": "gameMode",
                  "type": "int"
                },
                {
                  "name": "player",
                  "type": "target",
                  "optional": true
                }
              ]
            },
            "output": {
              "format_strings": [
                {
                  "format": "{0}"
                }
              ],
              "parameters": [
                {
                  "name": "result",
                  "type": "string"
                },
                {
                  "name": "player",
                  "type": "result_list"
                },
                {
                  "name": "gameMode",
                  "type": "string"
                }
              ]
            }
          }
        }
      }
    ]
  },
  "toggledownfall": {
    "versions": [
      {
        "description": "commands.toggledownfall.description",
        "permission": "gamemasters",

        "overloads": {
          "default": {
            "input": {
              "parameters": [ ]
            },
            "output": {
              "format_strings": [
                {
                  "format": "commands.downfall.success"
                }
              ],
              "parameters": [
                {
                  "name": "rainLevel",
                  "type": "int"
                }
              ]
            }
          }
        }
      }
    ]
  },
  "setworldspawn": {
    "versions": [
      {
        "description": "commands.setworldspawn.description",
        "permission": "gamemasters",

        "overloads": {
          "default": {
            "input": {
              "parameters": [
                {
                  "name": "spawnPoint",
                  "type": "blockpos",
                  "optional": true
                }
              ]
            },
            "output": {
              "format_strings": [
                {
                  "format": "commands.setworldspawn.success"
                }
              ],
              "parameters": [
                {
                  "name": "spawnPoint",
                  "type": "blockpos"
                }
              ]
            }
          }
        }
      }
    ]
  },
  "say": {
    "versions": [
      {
        "description": "commands.say.description",
        "permission": "gamemasters",
        "requiresChatPerms": true,
        "outputToSpeech": true,

        "overloads": {
          "default": {
            "input": {
              "parameters": [
                {
                  "name": "message",
                  "type": "rawtext"
                }
              ]
            },
            "output": {
              "format_strings": [ ],
              "parameters": [
                {
                  "name": "message",
                  "type": "string"
                }
              ]
            }
          }
        }
      }
    ]
  },
  "setblock": {
    "versions": [
      {
        "description": "commands.setblock.description",
        "permission": "gamemasters",

        "overloads": {
          "default": {
            "input": {
              "parameters": [
                {
                  "name": "position",
                  "type": "blockpos"
                },
                {
                  "name": "tileName",
                  "type": "stringenum",
                  "enum_type": "blockType"
                },
                {
                  "name": "tileData",
                  "type": "int",
                  "optional": true
                },
                {
                  "name": "oldBlockHandling",
                  "optional": true,
                  "type": "stringenum",
                  "enum_values": [
                    "destroy",
                    "keep",
                    "replace"
                  ]
                }
              ]
            },
            "output": {
              "format_strings": [
                {
                  "format": "commands.setblock.success"
                }
              ],
              "parameters": [ ]
            }
          }
        }
      }
    ]
  },
  "weather": {
    "versions": [
      {
        "description": "commands.weather.description",
        "permission": "gamemasters",

        "overloads": {
          "default": {
            "input": {
              "parameters": [
                {
                  "name": "type",
                  "type": "stringenum",
                  "enum_values": [
                    "clear",
                    "rain",
                    "thunder"
                  ]
                },
                {
                  "name": "duration",
                  "type": "int",
                  "optional": true
                }
              ]
            },
            "output": {
              "format_strings": [
                {
                  "format": "{0}"
                }
              ],
              "parameters": [
                {
                  "name": "format",
                  "type": "string"
                }
              ]
            }
          }
        }
      }
    ]
  },
  "testforblock": {
    "versions": [
      {
        "description": "commands.testforblock.description",
        "permission": "gamemasters",

        "overloads": {
          "default": {
            "input": {
              "parameters": [
                {
                  "name": "position",
                  "type": "blockpos"
                },
                {
                  "name": "tileName",
                  "type": "stringenum",
                  "enum_type": "blockType"
                },
                {
                  "name": "dataValue",
                  "type": "int",
                  "optional": true
                }
              ]
            },
            "output": {
              "format_strings": [
                {
                  "format": "commands.testforblock.success"
                }
              ],
              "parameters": [
                {
                  "name": "position",
                  "type": "blockpos"
                },
                {
                  "name": "matches",
                  "type": "bool"
                }
              ]
            }
          }
        }
      }
    ]
  },
  "testforblocks": {
    "versions": [
      {
        "description": "commands.testforblocks.description",
        "permission": "gamemasters",

        "overloads": {
          "default": {
            "input": {
              "parameters": [
                {
                  "name": "begin",
                  "type": "blockpos"
                },
                {
                  "name": "end",
                  "type": "blockpos"
                },
                {
                  "name": "destination",
                  "type": "blockpos"
                },
                {
                  "name": "mode",
                  "type": "stringenum",
                  "enum_values": [
                    "all",
                    "masked"
                  ],
                  "optional": true
                }
              ]
            },
            "output": {
              "format_strings": [
                {
                  "format": "commands.compare.success"
                }
              ],
              "parameters": [
                {
                  "name": "compareCount",
                  "type": "int"
                },
                {
                  "name": "matches",
                  "type": "bool"
                }
              ]
            }
          }
        }
      }
    ]
  },
  "tell": {
    "versions": [
      {
        "description": "commands.tell.description",
        "permission": "any",
        "requiresChatPerms": true,
        "outputToSpeech":  true,
        "aliases": [
          "w",
          "msg"
        ],

        "overloads": {
          "default": {
            "input": {
              "parameters": [
                {
                  "name": "recipient",
                  "type": "target"
                },
                {
                  "name": "message",
                  "type": "rawtext"
                }
              ]
            },
            "output": {
              "format_strings": [
                {
                  "format": "commands.message.display.outgoing"
                }
              ],
              "parameters": [
                {
                  "name": "recipient",
                  "type": "result_list"
                },
                {
                  "name": "message",
                  "type": "string"
                }
              ]
            }
          }
        }
      }
    ]
  },
  "op": {
    "versions": [
      {
        "description": "commands.op.description",
        "permission": "admin",

        "overloads": {
          "default": {
            "input": {
              "parameters": [
                {
                  "name": "player",
                  "type": "target",
                  "target_data": {
                    "main_target": false,
                    "players_only": false
                  }
                }
              ]
            },
            "output": {
              "format_strings": [
                {
                  "format": "commands.op.success",
                  "params_to_use": [ "playersSuccess" ],
                  "should_show": {
                    "not_empty": [ "playersSuccess" ]
                  }
                },
                {
                  "format": "commands.op.failed",
                  "color":  "red",
                  "params_to_use": [ "playersFailed" ],
                  "should_show": {
                    "not_empty": [ "playersFailed" ]
                  }
                }
              ],
              "parameters": [
                {
                  "name": "playersSuccess",
                  "type": "string"
                },
                {
                  "name": "playersFailed",
                  "type": "string"
                }
              ]
            }
          }
        }
      }
    ]
  },
  "deop": {
    "versions": [
      {
        "description": "commands.deop.description",
        "permission": "admin",

        "overloads": {
          "default": {
            "input": {
              "parameters": [
                {
                  "name": "player",
                  "type": "target",
                  "target_data": {
                    "main_target": false,
                    "players_only": false
                  }
                }
              ]
            },
            "output": {
              "format_strings": [
                {
                  "format": "commands.deop.success",
                  "params_to_use": [ "playersSuccess" ],
                  "should_show": {
                    "not_empty": [ "playersSuccess" ]
                  }
                },
                {
                  "format": "commands.deop.failed",
                  "color":  "red",
                  "params_to_use": [ "playersFailed" ],
                  "should_show": {
                    "not_empty": [ "playersFailed" ]
                  }
                }
              ],
              "parameters": [
                {
                  "name": "playersSuccess",
                  "type": "string"
                },
                {
                  "name": "playersFailed",
                  "type": "string"
                }
              ]
            }
          }
        }
      }
    ]
  },
  "summon": {
    "versions": [
      {
        "description": "commands.summon.description",
        "permission": "gamemasters",

        "overloads": {
          "default": {
            "input": {
              "parameters": [
                {
                  "name": "entityType",
                  "type": "stringenum",
                  "enum_type": "entityType"
                },
                {
                  "name": "spawnPos",
                  "type": "blockpos",
                  "optional": true
                }
              ]
            },
            "output": {
              "format_strings": [
                {
                  "format": "commands.summon.success"
                }
              ],
              "parameters": [
                {
                  "name": "entityType",
                  "type": "string"
                },
                {
                  "name": "spawnPos",
                  "type": "blockpos"
                },
                {
                  "name": "wasSpawned",
                  "type": "bool"
                }
              ]
            }
          }
        }
      }
    ]
  },
  "xp": {
    "versions": [
      {
        "description": "commands.xp.description",
        "permission": "gamemasters",

        "overloads": {
          "byXp": {
            "input": {
              "parameters": [
                {
                  "name": "amount",
                  "type": "int"
                },
                {
                  "name": "player",
                  "type": "target"
                }
              ]
            },
            "output": {
              "format_strings": [
                {
                  "format": "commands.xp.success"
                }
              ],
              "parameters": [
                {
                  "name": "amount",
                  "type": "int"
                },
                {
                  "name": "player",
                  "type": "result_list"
                }
              ]
            }
          },
          "byLevel": {
            "parser": {
              "tokens": "{0}L {1}"
            },
            "input": {
              "parameters": [
                {
                  "name": "amount",
                  "type": "int"
                },
                {
                  "name": "player",
                  "type": "target"
                }
              ]
            },
            "output": {
              "format_strings": [
                {
                  "format": "{2}"
                }
              ],
              "parameters": [
                {
                  "name": "amount",
                  "type": "int"
                },
                {
                  "name": "player",
                  "type": "result_list"
                },
                {
                  "name": "message",
                  "type": "string"
                }
              ]
            }
          }
        }
      }
    ]
  },
  "spawnpoint": {
    "versions": [
      {
        "description": "commands.spawnpoint.description",
        "permission": "gamemasters",

        "overloads": {
          "default": {
            "input": {
              "parameters": [
                {
                  "name": "player",
                  "type": "target",
                  "optional": true
                },
                {
                  "name": "spawnPos",
                  "type": "blockpos",
                  "optional": true
                }
              ]
            },
            "output": {
              "format_strings": [
                {
                  "format": "{2}"
                }
              ],
              "parameters": [
                {
                  "name": "player",
                  "type": "result_list"
                },
                {
                  "name": "spawnPos",
                  "type": "blockpos"
                },
                {
                  "name": "format",
                  "type": "string"
                }
              ]
            }
          }
        }
      }
    ]
  },
  "clone": {
    "versions": [
      {
        "description": "commands.clone.description",
        "permission": "gamemasters",

        "overloads": {
          "default": {
            "input": {
              "parameters": [
                {
                  "name": "begin",
                  "type": "blockpos"
                },
                {
                  "name": "end",
                  "type": "blockpos"
                },
                {
                  "name": "destination",
                  "type": "blockpos"
                },
                {
                  "name": "maskMode",
                  "type": "stringenum",
                  "enum_values": [
                    "replace",
                    "masked",
                    "filtered"
                  ],
                  "optional": true
                },
                {
                  "name": "cloneMode",
                  "type": "stringenum",
                  "enum_values": [
                    "normal",
                    "move",
                    "force"
                  ],
                  "optional": true
                },
                {
                  "name": "tileName",
                  "type": "stringenum",
                  "enum_type": "blockType",
                  "optional": true
                },
                {
                  "name": "tileData",
                  "type": "int",
                  "optional": true
                }
              ]
            },
            "output": {
              "format_strings": [
                {
                  "format": "commands.clone.success"
                }
              ],
              "parameters": [
                {
                  "name": "count",
                  "type": "int"
                }
              ]
            }
          }
        }
      }
    ]
  },
  "execute": {
    "versions": [
      {
        "description": "commands.execute.description",
        "permission": "gamemasters",

        "overloads": {
          "detect": {
            "input": {
              "parameters": [
                {
                  "name": "origin",
                  "type": "target",
                  "target_data": {
                    "players_only": false
                  }
                },
                {
                  "name": "position",
                  "type": "blockpos"
                },
                {
                  "name": "detect",
                  "type": "stringenum",
                  "enum_values":  ["detect"]
                },
                {
                  "name": "detectPos",
                  "type": "blockpos"
                },
                {
                  "name": "detectBlock",
                  "type": "stringenum",
                  "enum_type": "blockType"
                },
                {
                  "name": "detectData",
                  "type":  "int"
                },
                {
                  "name": "command",
                  "type": "rawtext"
                }
              ]
            },
            "output": {
              "format_strings": [
                {
                  "format": "commands.execute.failed",
                  "color":  "red",
                  "should_show": {
                    "not_empty": [ "failedEntities" ]
                  }
                }
              ],
              "parameters": [
                {
                  "name": "command",
                  "type": "string"
                },
                {
                  "name": "failedEntities",
                  "type": "result_list"
                }
              ]
            }
          },
          "asOther": {
            "input": {
              "parameters": [
                {
                  "name": "origin",
                  "type": "target",
                  "target_data": {
                    "players_only": false
                  }
                },
                {
                  "name": "position",
                  "type": "blockpos"
                },
                {
                  "name": "command",
                  "type": "rawtext"
                }
              ]
            },
            "output": {
              "format_strings": [
                {
                  "format": "commands.execute.failed",
                  "color":  "red",
                  "should_show": {
                    "not_empty": [ "failedEntities" ]
                  }
                }
              ],
              "parameters": [
                {
                  "name": "command",
                  "type": "string"
                },
                {
                  "name": "failedEntities",
                  "type": "result_list"
                }
              ]
            }
          }
        }
      }
    ]
  },
  "wsserver": {
    "versions": [
      {
        "description": "commands.wsserver.description",
        "permission": "any",
        "aliases": [
          "connect"
        ],

        "overloads": {
          "default": {
            "input": {
              "parameters": [
                {
                  "name": "serverUri",
                  "type": "rawtext"
                }
              ]
            },
            "output": {
              "format_strings": [
                {
                  "format": "commands.wsserver.success"
                }
              ],
              "parameters": [
                {
                  "name": "requestedUri",
                  "type": "string"
                }
              ]
            }
          }
        }
      }
    ]
  },
  "locate": {
    "versions": [
      {
        "description": "commands.locate.description",
        "permission": "gamemasters",
        "overloads": {
          "default": {
            "input": {
              "parameters": [
                {
                  "name": "feature",
                  "type": "stringenum",
                  "enum_type": "featureType"
                }
              ]
            },
            "output": {
              "format_strings": [
                {
                  "format": "commands.locate.success"
                }
              ],
              "parameters": [
                {
                  "name": "feature",
                  "type": "string"
                },
                {
                  "name": "destination",
                  "type": "blockpos"
                }
              ]
            }
          }
        }
      }
    ]
  },
  "transferserver": {
    "versions": [
      {
        "description": "commands.transferserver.description",
        "permission": "any",
        "overloads": {
          "default": {
            "input": {
              "parameters": [
                {
                  "name": "server",
                  "type": "string"
                },
                {
                  "name": "port",
                  "type": "int"
                }
              ]
            },
            "output": {
              "format_strings": [
                {
                  "format": "commands.transferserver.successful"
                }
              ]
            }
          }
        }
      }
    ]
  },
  "clear": {
    "versions": [
      {
        "description": "commands.clear.description",
        "permission": "gamemasters",

        "overloads": {
          "default": {
            "input": {
              "parameters": [
                {
                  "name": "player",
                  "type": "target",
                  "optional": true
                },
                {
                  "name": "itemName",
                  "type": "stringenum",
                  "enum_type": "itemType",
                  "optional": true
                },
                {
                  "name": "data",
                  "type": "int",
                  "optional": true
                },
                {
                  "name": "maxCount",
                  "type": "int",
                  "optional": true
                }
              ]
            },
            "output": {
              "format_strings": [
                {
                  "format": "commands.clear.success",
                  "params_to_use": [ "player", "itemsRemoved" ],
                  "should_show": {
                    "not_empty": [ "player", "itemsRemoved" ]
                  }
                },
                {
                  "format": "commands.clear.testing",
                  "params_to_use": [ "playerTest" ],
                  "should_show": {
                    "not_empty": [ "playerTest" ]
                  }
                }
              ],
              "parameters": [
                {
                  "name": "player",
                  "type": "result_list"
                },
                {
                  "name": "itemsRemoved",
                  "type":  "result_list"
                },
                {
                  "name": "playerTest",
                  "type": "result_list"
                }
              ]
            }
          }
        }
      }
    ]
  },
  
  "difficulty": {
    "versions": [
      {
        "description": "commands.difficulty.usage",
        "permission": "gamemasters",

        "overloads": {
          "byName": {
            "input": {
              "parameters": [
                {
                  "name": "difficulty",
                  "type": "stringenum",
                  "enum_values": [
                    "peaceful",
                    "easy",
                    "normal",
                    "hard",
                    "p",
                    "e",
                    "n",
                    "h"
                  ]
                }
              ]
            },
            "output": {
              "format_strings": [
                {
                  "format": "commands.difficulty.success"
                }
              ],
              "parameters": [
                {
                  "name": "difficulty",
                  "type": "string"
                }
              ]
            }
          },
          "byId": {
            "input": {
              "parameters": [
                {
                  "name": "difficulty",
                  "type": "int"
                }
              ]
            },
            "output": {
              "format_strings": [
                {
                  "format": "commands.difficulty.success"
                }
              ],
              "parameters": [
                {
                  "name": "difficulty",
                  "type": "string"
                }
              ]
            }
          }
        }
      }
    ]
  },
  
  "effect": {
    "versions": [
      {
        "permission": "gamemasters",
        "description": "commands.effect.description",

        "overloads": {
          "removeEffects": {
            "input": {
              "parameters": [
                {
                  "name": "player",
                  "type": "target",
                  "target_data": {
                    "players_only": false
                  }
                },
                {
                  "name": "clear",
                  "type": "stringenum",
                  "enum_values":  ["clear"]
                }
              ]
            },
            "output": {
              "format_strings": [
                {
                  "format": "commands.effect.success.removed.all"
                }
              ],
              "parameters": [
                {
                  "name": "player",
                  "type": "result_list"
                }
              ]
            }
          },
          "addEffect": {
            "input": {
              "parameters": [
                {
                  "name": "player",
                  "type": "target",
                  "target_data": {
                  "players_only": false
                  }
                },
                {
                  "name": "effect",
                  "type": "stringenum",
                  "enum_type": "effectType"
                },
                {
                  "name": "seconds",
                  "type": "int",
                  "optional": true
                },
                {
                  "name": "amplifier",
                  "type": "int",
                  "optional": true
                },
                {
                  "name": "hideParticles",
                  "type": "bool",
                  "optional": true
                }
              ]
            },
            "output": {
              "format_strings": [
                {
                  "format": "commands.effect.success"
                }
              ],
              "parameters": [
                {
                  "name": "effect",
                  "type": "string"
                },
                {
                  "name": "amplifier",
                  "type": "int"
                },
                {
                  "name": "player",
                  "type": "result_list"
                },
                {
                  "name": "seconds",
                  "type": "int"
                }
              ]
            }
          }
        }
      }
    ]
  },
  
  "me": {
    "versions": [
      {
        "description": "commands.me.description",
        "permission": "any",
        "requiresChatPerms": true,
        "outputToSpeech":  true,

        "overloads": {
          "default": {
            "input": {
              "parameters": [
                {
                  "name": "action",
                  "type": "rawtext"
                }
              ]
            },
            "output": {
              "format_strings": [
              ],
              "parameters": [
              ]
            }
          }
        }
      }
    ]
  },  

  "playsound": {
    "versions": [
      {
        "description": "commands.playsound.description",
        "permission": "gamemasters",

        "overloads": {
          "default": {
            "input": {
              "parameters": [
                {
                  "name": "sound",
                  "type": "string"
                },
                {
                  "name": "player",
                  "type": "target"
                },
                {
                  "name": "position",
                  "type": "blockpos",
                  "optional": true
                },
                {
                  "name": "volume",
                  "type": "float",
                  "optional": true
                },
                {
                  "name": "pitch",
                  "type": "float",
                  "optional": true
                },
                {
                  "name": "minimumVolume",
                  "type": "float",
                  "optional": true
                }
              ]
            },
            "output": {
              "format_strings": [
                {
                  "format": "commands.playsound.success"
                }
              ],
              "parameters": [
                {
                  "name": "sound",
                  "type": "string"
                },
                {
                  "name": "player",
                  "type": "string"
                }
              ]
            }
          }
        }
      }
    ]
  },

  "stopsound": {
    "versions": [
      {
        "description": "commands.stopsound.description",
        "permission": "gamemasters",

        "overloads": {
          "default": {
            "input": {
              "parameters": [
                {
                  "name": "player",
                  "type": "target"
                },
                {
                  "name": "sound",
                  "type": "string",
                  "optional": true
                }
              ]
            },
            "output": {
              "format_strings": [
                {
                  "format": "{0}"
                }
              ],
              "parameters": [
                {
                  "name": "body",
                  "type": "string"
                }
              ]
            }
          }
        }
      }
    ]
  },
  
  "testfor": {
    "versions": [
      {
        "description": "commands.testfor.description",
        "permission": "gamemasters",

        "overloads": {
          "default": {
            "input": {
              "parameters": [
                {
                  "name": "victim",
                  "type": "target",
                  "target_data": {
                    "players_only": false
                  }
                }
              ]
            },
            "output": {
              "format_strings": [
                {
                  "format": "commands.testfor.success"
                }
              ],
              "parameters": [
                {
                  "name": "victim",
                  "type": "result_list"
                }
              ]
            }
          }
        }
      }
    ]
  },
  
  "spreadplayers": {
    "versions": [
      {
        "description": "commands.spreadplayers.description",
        "permission": "gamemasters",

        "overloads": {
          "default": {
            "input": {
              "parameters": [
                {
                  "name": "x",
                  "type": "rotation"
                },
                {
                  "name": "z",
                  "type": "rotation"
                },
                {
                  "name": "spreadDistance",
                  "type": "float"
                },
                {
                  "name": "maxRange",
                  "type": "float"
                },
                {
                  "name": "victim",
                  "type": "target",
                  "target_data": {
                  "main_target": false,
                  "players_only": false
                  }
                }
              ]
            },
            "output": {
              "format_strings": [
                {
                  "format": "commands.spreadplayers.success.players"
                }
              ],
              "parameters": [
                {
                  "name": "count",
                  "type": "int"
                },
                {
                  "name": "x",
                  "type": "float"
                },
                {
                  "name": "z",
                  "type": "float"
                }
              ]
            }
          }
        }
      }
    ]
  },
  
  "replaceitem": {
    "versions": [
      {
        "description": "commands.replaceitem.description",
        "permission": "gamemasters",

        "overloads": {
          "block": {
            "input": {
              "parameters": [
                {
                  "name": "block",
                  "type": "stringenum",
                  "enum_values":  ["block"]
                },
                {
                  "name": "position",
                  "type": "blockpos"
                },
                {
                  "name": "slotType",
                  "type": "stringenum",
                  "enum_type": "blockSlotType"
                },
                {
                  "name": "slotId",
                  "type": "int"
                },
                {
                  "name": "itemName",
                  "type": "stringenum",
                  "enum_type": "itemType"
                },
                {
                  "name": "amount",
                  "type": "int",
                  "optional": true
                },
                {
                  "name": "data",
                  "type": "int",
                  "optional": true
                }
              ]
            },
            "output": {
              "format_strings": [
                {
                  "format": "commands.replaceitem.success"
                }
              ],
              "parameters": [
                {
                  "name": "slotType",
                  "type": "string"
                },
                {
                  "name": "slotId",
                  "type": "int"
                },
                {
                  "name": "count",
                  "type": "int"
                },
                {
                  "name": "itemName",
                  "type": "string"
                }
              ]
            }
          },
          "entity": {
            "input": {
              "parameters": [
                {
                  "name": "entity",
                  "type": "stringenum",
                  "enum_values":  ["entity"]
                },
                {
                  "name": "target",
                  "type": "target",
                  "target_data": {
                    "players_only": false
                  }
                },
                {
                  "name": "slotType",
                  "type": "stringenum",
                  "enum_type": "entitySlotType"
                },
                {
                  "name": "slotId",
                  "type": "int"
                },
                {
                  "name": "itemName",
                  "type": "stringenum",
                  "enum_type": "itemType"
                },
                {
                  "name": "amount",
                  "type": "int",
                  "optional": true
                },
                {
                  "name": "data",
                  "type": "int",
                  "optional": true
                }
              ]
            },
            "output": {
              "format_strings": [
                {
                  "format": "commands.replaceitem.success"
                }
              ],
              "parameters": [
                {
                  "name": "slotType",
                  "type": "string"
                },
                {
                  "name": "slotId",
                  "type": "int"
                },
                {
                  "name": "count",
                  "type": "int"
                },
                {
                  "name": "itemName",
                  "type": "string"
                }
              ]
            }
          }
        }
      }
    ]
  },
  
  "title": {
    "versions": [
      {
        "description": "commands.title.description",
        "permission": "gamemasters",

        "overloads": {
          "clear": {
            "input": {
              "parameters": [
                {
                  "name": "player",
                  "type": "target"
                },
                {
                  "name": "clear",
                  "type": "stringenum",
                  "enum_values": [ "clear" ]
                }
              ]
            },
            "output": {
              "format_strings": [
                {
                  "format": "commands.title.success"
                }
              ],
              "parameters": [
              ]
            }
          },
          "reset": {
            "input": {
              "parameters": [
                {
                  "name": "player",
                  "type": "target"
                },
                {
                  "name": "reset",
                  "type": "stringenum",
                  "enum_values": [ "reset" ]
                }
              ]
            },
            "output": {
              "format_strings": [
                {
                  "format": "commands.title.success"
                }
              ],
              "parameters": [
              ]
            }
          },
          "title": {
            "input": {
              "parameters": [
                {
                  "name": "player",
                  "type": "target"
                },
                {
                  "name": "title",
                  "type": "stringenum",
                  "enum_values": [ "title" ]
                },
                {
                  "name": "titleText",
                  "type": "rawtext"
                }
              ]
            },
            "output": {
              "format_strings": [
                {
                  "format": "commands.title.success"
                }
              ],
              "parameters": [
              ]
            }
          },
          "subtitle": {
            "input": {
              "parameters": [
                {
                  "name": "player",
                  "type": "target"
                },
                {
                  "name": "subtitle",
                  "type": "stringenum",
                  "enum_values": [ "subtitle" ]
                },
                {
                  "name": "titleText",
                  "type": "rawtext"
                }
              ]
            },
            "output": {
              "format_strings": [
                {
                  "format": "commands.title.success"
                }
              ],
              "parameters": [
              ]
            }
          },
          "actionbar": {
            "input": {
              "parameters": [
                {
                  "name": "player",
                  "type": "target"
                },
                {
                  "name": "actionbar",
                  "type": "stringenum",
                  "enum_values": [ "actionbar" ]
                },
                {
                  "name": "titleText",
                  "type": "rawtext"
                }
              ]
            },
            "output": {
              "format_strings": [
                {
                  "format": "commands.title.success"
                }
              ],
              "parameters": [
              ]
            }
          },
          "times": {
            "input": {
              "parameters": [
                {
                  "name": "player",
                  "type": "target"
                },
                {
                  "name": "times",
                  "type": "stringenum",
                  "enum_values": [ "times" ]
                },
                {
                  "name": "fadeIn",
                  "type": "int"
                },
                {
                  "name": "stay",
                  "type": "int"
                },
                {
                  "name": "fadeOut",
                  "type": "int"
                }
              ]
            },
            "output": {
              "format_strings": [
                {
                  "format": "commands.title.success"
                }
              ],
              "parameters": [
              ]
            }
          }
        }
      }
    ]
  }
}
