{
  "minecraft:entity": {
    "version": 1,

    "component_groups": {
      "minecraft:hard_arrow": {
        "minecraft:projectile": {
          "onHit": {
            "impact_damage": {
              "damage": [ 1, 5 ],
              "knockback": true,
              "semirandomdiffdamage": false,
              "destroyonhit": true
            },
            "stick_in_ground": {
            },
            "arrow_effect": {
            }
          },
          "hitSound": "bow.hit",
          "power": 1.6,
          "gravity": 0.05,
          "uncertaintyBase": 16,
          "uncertaintyMultiplier": 4,
          "anchor": 1,
          "shouldbounce": true,
          "offset": [ 0, -0.1, 0 ]
        }
      },

      "minecraft:player_arrow": {
        "minecraft:projectile": {
          "onHit": {
            "impact_damage": {
              "damage": 1,
              "knockback": true,
              "semirandomdiffdamage": true,
              "destroyonhit": true
            },
            "stick_in_ground": {
            },
            "arrow_effect": {
            }
          },
          "hitSound": "bow.hit",
          "power": 1.6,
          "gravity": 0.05,
          "uncertaintyBase": 16,
          "uncertaintyMultiplier": 4,
          "anchor": 1,
          "shouldbounce": true,
          "offset": [ 0, -0.1, 0 ]
        }
      }
    },

    "components": {
      "minecraft:identifier": {
        "id": "minecraft:arrow.skeleton"
      },
      "minecraft:collision_box": {
        "width": 0.5,
        "height": 0.5
      },
      "minecraft:projectile": {
        "onHit": {
          "impact_damage": {
            "damage": [ 1, 4 ],
            "knockback": true,
            "semirandomdiffdamage": false,
            "destroyonhit": true
          },
          "stick_in_ground": {
          },
          "arrow_effect": {
          }
        },
        "hitSound": "bow.hit",
        "power": 1.6,
        "gravity": 0.05,
        "uncertaintyBase": 16,
        "uncertaintyMultiplier": 4,
        "anchor": 1,
        "shouldbounce": true,
        "offset": [ 0, -0.1, 0 ]
      }
    },

    "events": {
      "minecraft:entity_spawned": {
        "sequence": [
          {
            "filters": {
              "is_world_difficulty": "hard"
            },
            "add": {
              "component_groups": [ "minecraft:hard_arrow" ]
            }
          },
          {
            "filters": {
              "other_with_families": "player"
            },
            "add": {
              "component_groups" : [ "minecraft:player_arrow" ]
            }
          }
        ]
      }
    }

  }
}