{
  "minecraft:entity": {
    "format_version": 0.1,

    "component_groups": {
    },

    "components": {
      "minecraft:identifier": {
        "id": "minecraft:bat"
      },
      "minecraft:type_family": {
        "family":["bat"]          
      },
      "minecraft:breathable": {
        "totalSupply": 15,
        "suffocateTime": 0
      },
     "minecraft:collision_box": {
      "width": 0.5,
      "height": 0.9
     },
     "minecraft:fall_damage": {
       "value": 0.0
      },

      "minecraft:movement": {
        "value": 0.1,
        "max": 0.1
      },
      "minecraft:health": {
        "value": 6,
        "max": 6
      },
       "minecraft:nameable": {
	    }
    },

    "events": {
    }
  }
}
