{
  "minecraft:entity": {
    "format_version": 0.1,
    "components": {
      "minecraft:identifier": {
        "id": "minecraft:guardian.elder"
      },
      "minecraft:collision_box": {
        "width": 1.99,
        "height": 1.99
      },
      "minecraft:nameable": {
      },
      "minecraft:loot": {
        "table": "loot_tables/entities/elder_guardian.json"
      },

      "minecraft:health": {
        "value": 80,
        "max": 80
      },
      "minecraft:movement": {
        "value": 0.3
      },
      "minecraft:attack": {
        "damage": 8
      },
      "minecraft:follow_range": {
        "value": 16,
        "max": 16
      },
      "minecraft:breathable": {
        "breathesWater": true
      },
      "minecraft:behavior.nearest_attackable_target": {
        "priority": 1,
        "entity_types": [
          {
            "filters": { "other_with_families": [ "player", "squid" ] },
            "max_dist": 16
          }
        ],
        "attack_interval_min": 1.0,
        "must_see": true
      },
      "minecraft:behavior.guardian_attack": {
        "priority": 4
      },
      "minecraft:behavior.move_towards_restriction": {
        "priority": 5,
        "speed_multiplier": 1.0,
        "control_flags": [ "move", "look" ]
      },
      "minecraft:behavior.random_stroll": {
        "priority": 7,
        "speed_multiplier": 0.5
      },
      "minecraft:behavior.look_at_player": {
        "priority": 8,
        "look_distance": 12.0,
        "probability": 0.01
      },
      "minecraft:behavior.random_look_around": {
        "priority": 9
      },
      "minecraft:type_family": {
        "family": [ "guardian_elder", "monster" ]
      }
    }
  }
}
