{
  "minecraft:entity": {
    "version": 1,
    "component_groups": {
      "minecraft:shulker_purple": {
        "minecraft:variant": {
          "value": 0
        }
      },
      "minecraft:shulker_black": {
        "minecraft:variant": {
          "value": 1
        }
      },
      "minecraft:shulker_blue": {
        "minecraft:variant": {
          "value": 2
        }
      },
      "minecraft:shulker_brown": {
        "minecraft:variant": {
          "value": 3
        }
      },
      "minecraft:shulker_cyan": {
        "minecraft:variant": {
          "value": 4
        }
      },
      "minecraft:shulker_gray": {
        "minecraft:variant": {
          "value": 5
        }
      },
      "minecraft:shulker_green": {
        "minecraft:variant": {
          "value": 6
        }
      },
      "minecraft:shulker_light_blue": {
        "minecraft:variant": {
          "value": 7
        }
      },
      "minecraft:shulker_lime": {
        "minecraft:variant": {
          "value": 8
        }
      },
      "minecraft:shulker_magenta": {
        "minecraft:variant": {
          "value": 9
        }
      },
      "minecraft:shulker_orange": {
        "minecraft:variant": {
          "value": 10
        }
      },
      "minecraft:shulker_pink": {
        "minecraft:variant": {
          "value": 11
        }
      },
      "minecraft:shulker_red": {
        "minecraft:variant": {
          "value": 12
        }
      },
      "minecraft:shulker_silver": {
        "minecraft:variant": {
          "value": 13
        }
      },
      "minecraft:shulker_white": {
        "minecraft:variant": {
          "value": 14
        }
      },
      "minecraft:shulker_yellow": {
        "minecraft:variant": {
          "value": 15
        }
      }
    },

    "components": {
      "minecraft:identifier": {
        "id": "minecraft:shulker"
      },
      "minecraft:type_family": {
        "family": [ "shulker", "monster" ]
      },
      "minecraft:breathable": {
        "totalSupply": 15,
        "suffocateTime": 0
      },
      "minecraft:nameable": {
      },
      "minecraft:fire_immune": true,
      "minecraft:health": {
        "value": 30,
        "max": 30
      },
      "minecraft:movement": {
        "value": 0.0,
        "max": 0.0
      },
      "minecraft:loot": {
        "table": "loot_tables/entities/shulker.json"
      },
      "minecraft:peek": {
        "on_open": {
          "event": "minecraft:on_open"
        },
        "on_close": {
          "event": "minecraft:on_close"
        },
        "on_target_open": {
          "event": "minecraft:on_open"
        }
      },
      "minecraft:behavior.look_at_player": {
        "priority": 1,
        "look_distance": 6.0,
        "probability": 0.02
      },
      "minecraft:shooter": {
        "type": "ShulkerBullet",
        "def": "minecraft:shulker_bullet"
      },
      "minecraft:behavior.random_look_around": {
        "priority": 8
      },
      "minecraft:behavior.ranged_attack": {
        "attack_interval_min": 1,
        "attack_interval_max": 3,
        "attack_radius": 15
      },
      "minecraft:behavior.hurt_by_target": {
        "priority": 2
      },
      "minecraft:behavior.nearest_attackable_target": {
        "priority": 3,
        "entity_types": {
          "filters": { "other_with_families": [ "player" ] },
          "max_dist": 16
        }
      },
      "minecraft:interact": [
        {
          "on_interact": {
            "filters": {
              "other_with_item": "dye:0",
              "other_with_families": "player",
              "player_with_instabuild" : true
            },
            "event": "minecraft:turn_black"
          },
          "use_item": "true"
        },
        {
          "on_interact": {
            "filters": {
              "other_with_item": "dye:8",
              "other_with_families": "player",
              "player_with_instabuild" : true
            },
            "event": "minecraft:turn_gray"
          },
          "use_item": "true"
        },
        {
          "on_interact": {
            "filters": {
              "other_with_item": "dye:7",
              "other_with_families": "player",
              "player_with_instabuild" : true
            },
            "event": "minecraft:turn_silver"
          },
          "use_item": "true"
        },
        {
          "on_interact": {
            "filters": {
              "other_with_item": "dye:15",
              "other_with_families": "player",
              "player_with_instabuild" : true
            },
            "event": "minecraft:turn_white"
          },
          "use_item": "true"
        },
        {
          "on_interact": {
            "filters": {
              "other_with_item": "dye:12",
              "other_with_families": "player",
              "player_with_instabuild" : true
            },
            "event": "minecraft:turn_light_blue"
          },
          "use_item": "true"
        },
        {
          "on_interact": {
            "filters": {
              "other_with_item": "dye:14",
              "other_with_families": "player",
              "player_with_instabuild" : true
            },
            "event": "minecraft:turn_orange"
          },
          "use_item": "true"
        },
        {
          "on_interact": {
            "filters": {
              "other_with_item": "dye:1",
              "other_with_families": "player",
              "player_with_instabuild" : true
            },
            "event": "minecraft:turn_red"
          },
          "use_item": "true"
        },
        {
          "on_interact": {
            "filters": {
              "other_with_item": "dye:4",
              "other_with_families": "player",
              "player_with_instabuild" : true
            },
            "event": "minecraft:turn_blue"
          },
          "use_item": "true"
        },
        {
          "on_interact": {
            "filters": {
              "other_with_item": "dye:5",
              "other_with_families": "player",
              "player_with_instabuild" : true
            },
            "event": "minecraft:turn_purple"
          },
          "use_item": "true"
        },
        {
          "on_interact": {
            "filters": {
              "other_with_item": "dye:13",
              "other_with_families": "player",
              "player_with_instabuild" : true
            },
            "event": "minecraft:turn_magenta"
          },
          "use_item": "true"
        },
        {
          "on_interact": {
            "filters": {
              "other_with_item": "dye:9",
              "other_with_families": "player",
              "player_with_instabuild" : true
            },
            "event": "minecraft:turn_pink"
          },
          "use_item": "true"
        },
        {
          "on_interact": {
            "filters": {
              "other_with_item": "dye:3",
              "other_with_families": "player",
              "player_with_instabuild" : true
            },
            "event": "minecraft:turn_brown"
          },
          "use_item": "true"
        },
        {
          "on_interact": {
            "filters": {
              "other_with_item": "dye:11",
              "other_with_families": "player",
              "player_with_instabuild" : true
            },
            "event": "minecraft:turn_yellow"
          },
          "use_item": "true"
        },
        {
          "on_interact": {
            "filters": {
              "other_with_item": "dye:10",
              "other_with_families": "player",
              "player_with_instabuild" : true
            },
            "event": "minecraft:turn_lime"
          },
          "use_item": "true"
        },
        {
          "on_interact": {
            "filters": {
              "other_with_item": "dye:2",
              "other_with_families": "player",
              "player_with_instabuild" : true
            },
            "event": "minecraft:turn_green"
          },
          "use_item": "true"
        },
        {
          "on_interact": {
            "filters": {
              "other_with_item": "dye:6",
              "other_with_families": "player",
              "player_with_instabuild" : true
            },
            "event": "minecraft:turn_cyan"
          },
          "use_item": "true"
        }
      ]
    },

    "events": {
      "minecraft:entity_spawned": {
        "add": {
          "component_groups": [
            "minecraft:shulker_purple"
          ]
        }
      },
      "minecraft:turn_purple": {
        "add": {
          "component_groups": [
            "minecraft:shulker_purple"
          ]
        }
      },
      "minecraft:turn_black": {
        "add": {
          "component_groups": [
            "minecraft:shulker_black"
          ]
        }
      },
      "minecraft:turn_blue": {
        "add": {
          "component_groups": [
            "minecraft:shulker_blue"
          ]
        }
      },
      "minecraft:turn_brown": {
        "add": {
          "component_groups": [
            "minecraft:shulker_brown"
          ]
        }
      },
      "minecraft:turn_cyan": {
        "add": {
          "component_groups": [
            "minecraft:shulker_cyan"
          ]
        }
      },
      "minecraft:turn_gray": {
        "add": {
          "component_groups": [
            "minecraft:shulker_gray"
          ]
        }
      },
      "minecraft:turn_green": {
        "add": {
          "component_groups": [
            "minecraft:shulker_green"
          ]
        }
      },
      "minecraft:turn_light_blue": {
        "add": {
          "component_groups": [
            "minecraft:shulker_light_blue"
          ]
        }
      },
      "minecraft:turn_lime": {
        "add": {
          "component_groups": [
            "minecraft:shulker_lime"
          ]
        }
      },
      "minecraft:turn_magenta": {
        "add": {
          "component_groups": [
            "minecraft:shulker_magenta"
          ]
        }
      },
      "minecraft:turn_orange": {
        "add": {
          "component_groups": [
            "minecraft:shulker_orange"
          ]
        }
      },
      "minecraft:turn_pink": {
        "add": {
          "component_groups": [
            "minecraft:shulker_pink"
          ]
        }
      },
      "minecraft:turn_red": {
        "add": {
          "component_groups": [
            "minecraft:shulker_red"
          ]
        }
      },
      "minecraft:turn_silver": {
        "add": {
          "component_groups": [
            "minecraft:shulker_silver"
          ]
        }
      },
      "minecraft:turn_white": {
        "add": {
          "component_groups": [
            "minecraft:shulker_white"
          ]
        }
      },
      "minecraft:turn_yellow": {
        "add": {
          "component_groups": [
            "minecraft:shulker_yellow"
          ]
        }
      }
    }
  }
}
