{
  "minecraft:entity": {
    "format_version": 0.1,

    "components": {
      "minecraft:identifier": {
        "id": "minecraft:snowball"
      },
      "minecraft:collision_box": {
        "width": 0.25,
        "height": 0.25
      },
      "minecraft:projectile": {
        "particle": "snowballpoof",
        "onHit": {
          "impact_damage": {
            "filter": "blaze",
            "damage": 3,
            "knockback": true
          },
          "remove_on_hit": { }
        },
        "power": 1.5,
        "gravity": 0.03,
        "angleoffset": 0.0
      }
    }
  }
}
