{
  "minecraft:entity": {
    "format_version": 0.1,

    "components": {
      "minecraft:identifier": {
        "id": "minecraft:thrownenderpearl"
      },
      "minecraft:collision_box": {
        "width": 0.25,
        "height": 0.25
      },
      "minecraft:projectile": {
        "onHit": {
          "teleport_owner": { },
          "spawn_chance": {
            "firstSpawnPercentChance": 5.0,
            "firstSpawnCount": 1,
            "spawnDefinition": "minecraft:endermite"
          },
          "remove_on_hit": { }
        },
        "power": 1.5,
        "gravity": 0.025,
        "angleoffset": 0.0,
        "inertia": 1,
        "liquid_inertia": 1
      }
    }
  }
}
