{
  "minecraft:entity": {
    "format_version": 0.1,

    "component_groups": {
      "from_explosion": {
        "minecraft:explode": {
          "fuseLength": {
            "range_min": 0.5,
            "range_max": 2.0
          },
          "fuseLit": true,
          "power": 4,
          "causesFire": false
        }
      }
    },
	
    "components": {
      "minecraft:identifier": {
        "id": "minecraft:tnt"
      },
      "minecraft:type_family": {
        "family": [ "tnt" ]
      },
      "minecraft:collision_box": {
        "width": 0.98,
        "height": 0.98
      },

      "minecraft:explode": {
        "fuseLength": 4,
        "fuseLit": true,
        "power": 4,
        "causesFire": false
      }
    },
    
    "events": {
      "from_explosion": {
        "add": {
          "component_groups": [
            "from_explosion"
          ]
        }
      }
    }
  }
}
