{
  "minecraft:entity": {
    "format_version": 0.1,

    "components": {
      "minecraft:identifier": {
        "id": "minecraft:witch"
      },
      "minecraft:breathable": {
        "totalSupply": 15,
        "suffocateTime": 0
      },
      "minecraft:nameable": {
	    },
      "minecraft:loot": {
        "table": "loot_tables/entities/witch.json"
      },

      "minecraft:health": {
        "value": 26,
        "max": 26
      },
      "minecraft:movement": {
        "value": 0.25
      },

      "minecraft:behavior.float": {
        "priority": 1
      },
      "minecraft:behavior.ranged_attack": {
        "priority": 2,
        "speed_multiplier": 1.0,
        "attack_interval_min": 3,
        "attack_interval_max": 3,
        "attack_radius": 10.0
      },
      "minecraft:behavior.random_stroll": {
        "priority": 2,
        "speed_multiplier": 1.0
      },
      "minecraft:behavior.look_at_player": {
        "priority": 3,
        "look_distance": 8.0
      },
      "minecraft:behavior.random_look_around": {
        "priority": 3,
        "look_distance": 8.0
      },
      "minecraft:behavior.hurt_by_target": {
        "priority": 1
      },
      "minecraft:behavior.nearest_attackable_target": {
        "priority": 2,
        "entity_types": [
          {
            "filters": { "other_with_families": [ "player", "irongolem", "snowgolem" ] },
            "max_dist": 10
          }
        ],
        "must_reach": true
      },
     "minecraft:type_family": {
       "family": [ "witch", "monster" ]
     }
    }
  }
}
