{
  "minecraft:entity": {
    "format_version": 0.1,

    "components": {
      "minecraft:identifier": {
        "id": "minecraft:potion.experience"
      },
      "minecraft:collision_box": {
        "width": 0.25,
        "height": 0.25
      },
      "minecraft:projectile": {
       "onHit": {
        "grant_xp": {
          "minXP": 3,
          "maxXP": 11
        },
        "remove_on_hit": { }
       },
        "power": 0.5,
        "gravity": 0.05,
        "angleoffset": -20.0
      }
    }
  }
}
